asset,inner_window,zscore_lookback,forward_days,n_orders,spearman_r,spearman_p,n
SPY,5,60,2,3,-0.029938105438222878,0.018207436034497298,6221
SPY,5,60,2,4,-0.046086624786648905,0.00027668256287009937,6221
SPY,5,60,3,3,-0.04481521689483994,0.0004069941623975422,6220
SPY,5,60,3,4,-0.06444790948746136,3.636203329474968e-07,6220
SPY,5,60,5,3,-0.06067836613344374,1.6828384558864103e-06,6218
SPY,5,60,5,4,-0.08214455491971659,8.749622076719822e-11,6218
SPY,5,60,10,3,-0.07822027468810361,6.669143498282147e-10,6213
SPY,5,60,10,4,-0.09280602822059053,2.3090689915346677e-13,6213
SPY,5,60,20,3,-0.06721852822476554,1.1643909726632616e-07,6203
SPY,5,60,20,4,-0.0850131606329764,1.9954484724456203e-11,6203
SPY,5,120,2,3,-0.055788142859396025,1.1789277116793803e-05,6161
SPY,5,120,2,4,-0.06991901003192029,3.936080219491927e-08,6161
SPY,5,120,3,3,-0.08006429735945123,3.11934317415566e-10,6160
SPY,5,120,3,4,-0.09851690286242498,9.228944748187448e-15,6160
SPY,5,120,5,3,-0.10395765732425744,2.87704296835155e-16,6158
SPY,5,120,5,4,-0.12340760466472292,2.4934099834870854e-22,6158
SPY,5,120,10,3,-0.11843504991540953,1.151347969706074e-20,6153
SPY,5,120,10,4,-0.1329022206597857,1.1946780378023423e-25,6153
SPY,5,120,20,3,-0.10834645092990627,1.6623152163237793e-17,6143
SPY,5,120,20,4,-0.12504519451178078,7.773775643387859e-23,6143
SPY,5,252,2,3,-0.07978765505708901,5.509814856288176e-10,6029
SPY,5,252,2,4,-0.09823633518466472,2.0953864465705033e-14,6029
SPY,5,252,3,3,-0.11288769321460826,1.483438653491726e-18,6028
SPY,5,252,3,4,-0.13515653593572802,5.662114416037388e-26,6028
SPY,5,252,5,3,-0.1430526480906161,6.404274982422551e-29,6026
SPY,5,252,5,4,-0.1660061963009215,1.7169569728534323e-38,6026
SPY,5,252,10,3,-0.1632253625685786,3.180363154689706e-37,6021
SPY,5,252,10,4,-0.18675115103401277,2.1969452239933435e-48,6021
SPY,5,252,20,3,-0.1581753551166845,5.609936808955639e-35,6011
SPY,5,252,20,4,-0.18822694462062145,4.650311136384008e-49,6011
SPY,10,60,2,3,-0.056959182161671514,7.006241841359204e-06,6216
SPY,10,60,2,4,-0.05874291467513063,3.5787580547801407e-06,6216
SPY,10,60,3,3,-0.07825296633454686,6.519604333896048e-10,6215
SPY,10,60,3,4,-0.0749094497727753,3.3669359170969004e-09,6215
SPY,10,60,5,3,-0.09240843519017666,2.9202143119173655e-13,6213
SPY,10,60,5,4,-0.09035996139016346,9.638473317161278e-13,6213
SPY,10,60,10,3,-0.08987316393013892,1.3017962881454063e-12,6208
SPY,10,60,10,4,-0.09423643283278499,1.0065812119953486e-13,6208
SPY,10,60,20,3,-0.09125415329202208,6.120416517032704e-13,6198
SPY,10,60,20,4,-0.09359385520761099,1.5461903714887142e-13,6198
SPY,10,120,2,3,-0.0975455081149079,1.7175401949304712e-14,6156
SPY,10,120,2,4,-0.10091336973748224,2.082364592208761e-15,6156
SPY,10,120,3,3,-0.1343377537535318,3.491130525932997e-26,6155
SPY,10,120,3,4,-0.13053821530999882,8.392348438881506e-25,6155
SPY,10,120,5,3,-0.15340012120416927,1.0292490209099242e-33,6153
SPY,10,120,5,4,-0.1501004970818715,2.460144940332258e-32,6153
SPY,10,120,10,3,-0.15091686071706045,1.1967160337804849e-32,6148
SPY,10,120,10,4,-0.15320262146544414,1.323916929978823e-33,6148
SPY,10,120,20,3,-0.15574114359634972,1.2480574575988666e-34,6138
SPY,10,120,20,4,-0.15419542655224738,5.682540897007552e-34,6138
SPY,10,252,2,3,-0.1343531227823331,1.1483099585713376e-25,6024
SPY,10,252,2,4,-0.13278016357130948,4.212395382892137e-25,6024
SPY,10,252,3,3,-0.1837003599835656,7.303828815453936e-47,6023
SPY,10,252,3,4,-0.1792020807257396,1.205607743616245e-44,6023
SPY,10,252,5,3,-0.2152133604767078,4.9495621315733955e-64,6021
SPY,10,252,5,4,-0.21352878637972958,4.868679339711928e-63,6021
SPY,10,252,10,3,-0.22305002971605464,1.0453499261361775e-68,6016
SPY,10,252,10,4,-0.2264764747610352,7.837323406734837e-71,6016
SPY,10,252,20,3,-0.2358161937676601,1.1075117902279806e-76,6006
SPY,10,252,20,4,-0.2275375736725395,2.211225687985921e-71,6006
SPY,20,60,2,3,-0.059264856468592274,2.9836368292603146e-06,6206
SPY,20,60,2,4,-0.05746674211518237,5.899584678642069e-06,6206
SPY,20,60,3,3,-0.08094420777964659,1.71042264883613e-10,6205
SPY,20,60,3,4,-0.08105585273393263,1.614389915480291e-10,6205
SPY,20,60,5,3,-0.08978647952769704,1.3965672146158567e-12,6203
SPY,20,60,5,4,-0.09249924789134384,2.8917281723005747e-13,6203
SPY,20,60,10,3,-0.06979979912749898,3.781654520778094e-08,6198
SPY,20,60,10,4,-0.08530854405199775,1.731626396368921e-11,6198
SPY,20,60,20,3,-0.062323274293144736,9.277859423062414e-07,6188
SPY,20,60,20,4,-0.061954184851924325,1.0757230237003411e-06,6188
SPY,20,120,2,3,-0.09229131243595685,4.1889033200801085e-13,6146
SPY,20,120,2,4,-0.07657811699836335,1.8431699519413587e-09,6146
SPY,20,120,3,3,-0.12621463762640794,3.0304961637946185e-23,6145
SPY,20,120,3,4,-0.10435437030719424,2.3823909554421243e-16,6145
SPY,20,120,5,3,-0.14252143781162543,3.0559167114796563e-29,6143
SPY,20,120,5,4,-0.1231690670118646,3.371066063801129e-22,6143
SPY,20,120,10,3,-0.1315703968212192,4.147487113829689e-25,6138
SPY,20,120,10,4,-0.11709551588396662,3.458264603773419e-20,6138
SPY,20,120,20,3,-0.1209630007165854,2.056054874806167e-21,6128
SPY,20,120,20,4,-0.0952916385802925,7.716306918176155e-14,6128
SPY,20,252,2,3,-0.12609592770582226,9.616998351073694e-23,6014
SPY,20,252,2,4,-0.1053244966245393,2.6340541400379303e-16,6014
SPY,20,252,3,3,-0.16956345051123564,5.032174404979279e-40,6013
SPY,20,252,3,4,-0.14445593152995995,2.1056834945816872e-29,6013
SPY,20,252,5,3,-0.1963693982266184,2.54740105274321e-53,6011
SPY,20,252,5,4,-0.1690785818202908,8.635761558098605e-40,6011
SPY,20,252,10,3,-0.19640296230637586,2.697874306694284e-53,6006
SPY,20,252,10,4,-0.16872764953502806,1.3426322965341052e-39,6006
SPY,20,252,20,3,-0.18690147723317269,2.8795594441322365e-48,5996
SPY,20,252,20,4,-0.1499199471363854,1.762082460527466e-31,5996
SPY,40,60,2,3,-0.03669169973028321,0.0038988438297685897,6186
SPY,40,60,2,4,-0.04200618210755782,0.0009510372633884958,6186
SPY,40,60,3,3,-0.05277963207751128,3.282915683701552e-05,6185
SPY,40,60,3,4,-0.060855724296881054,1.6723376722661434e-06,6185
SPY,40,60,5,3,-0.06375365803858919,5.243768024575088e-07,6183
SPY,40,60,5,4,-0.06500692259932107,3.1207302872350154e-07,6183
SPY,40,60,10,3,-0.06589938489354459,2.1683229925837204e-07,6178
SPY,40,60,10,4,-0.05917392916249211,3.2520434849489286e-06,6178
SPY,40,60,20,3,-0.07064496853456492,2.791541952227185e-08,6168
SPY,40,60,20,4,-0.04885685280683864,0.00012375471404739866,6168
SPY,40,120,2,3,-0.04258519106402164,0.0008563048570956248,6126
SPY,40,120,2,4,-0.030597421875303153,0.01662514868486734,6126
SPY,40,120,3,3,-0.06354882377055297,6.441131371474434e-07,6125
SPY,40,120,3,4,-0.0437798856877942,0.0006097007645038505,6125
SPY,40,120,5,3,-0.08052197685506612,2.7944418442427335e-10,6123
SPY,40,120,5,4,-0.04605349200353375,0.00031234022711973907,6123
SPY,40,120,10,3,-0.08533810647701302,2.2969728605004285e-11,6118
SPY,40,120,10,4,-0.038491681391559236,0.0026019224941549006,6118
SPY,40,120,20,3,-0.07823992868278372,9.190168140267722e-10,6108
SPY,40,120,20,4,-0.016599272035658703,0.19459049183481333,6108
SPY,40,252,2,3,-0.07590563186024558,4.005925318346629e-09,5994
SPY,40,252,2,4,-0.06992015166044105,6.000494866998449e-08,5994
SPY,40,252,3,3,-0.10328648514780854,1.0955998781382363e-15,5993
SPY,40,252,3,4,-0.09380899304668497,3.420619773817014e-13,5993
SPY,40,252,5,3,-0.12076940183319301,6.588617501234343e-21,5991
SPY,40,252,5,4,-0.10351484254682856,9.580099372743144e-16,5991
SPY,40,252,10,3,-0.12656764788584518,8.365886429293684e-23,5986
SPY,40,252,10,4,-0.10498275250381182,3.848056715731276e-16,5986
SPY,40,252,20,3,-0.11993364436897777,1.364376010342737e-20,5976
SPY,40,252,20,4,-0.08759557564757238,1.1757128238632609e-11,5976
XLK,5,60,2,3,-0.04447334431409167,0.00045014802552932566,6221
XLK,5,60,2,4,-0.04566656788615949,0.0003145298322084451,6221
XLK,5,60,3,3,-0.05457531970675025,1.658317439163857e-05,6220
XLK,5,60,3,4,-0.05892446982301882,3.3145013201528246e-06,6220
XLK,5,60,5,3,-0.06388278098222727,4.6173070593227295e-07,6218
XLK,5,60,5,4,-0.08105438132745925,1.5463131091635557e-10,6218
XLK,5,60,10,3,-0.0704878279089281,2.669547893490911e-08,6213
XLK,5,60,10,4,-0.08629404548968514,9.540946812942917e-12,6213
XLK,5,60,20,3,-0.0651522965891887,2.8100494891254114e-07,6203
XLK,5,60,20,4,-0.07899523246976539,4.66200538156561e-10,6203
XLK,5,120,2,3,-0.06484140358387827,3.5084215513602906e-07,6161
XLK,5,120,2,4,-0.0692624070045633,5.2691512254993945e-08,6161
XLK,5,120,3,3,-0.07709538917882097,1.3724855495611459e-09,6160
XLK,5,120,3,4,-0.08676682902033195,9.01338438429297e-12,6160
XLK,5,120,5,3,-0.08882273957952312,2.8982964712431673e-12,6158
XLK,5,120,5,4,-0.11019963939430458,4.2327011233578445e-18,6158
XLK,5,120,10,3,-0.09827490113670069,1.1104093161618987e-14,6153
XLK,5,120,10,4,-0.11810140630872401,1.4767600117498675e-20,6153
XLK,5,120,20,3,-0.09283150047720044,3.09617146071547e-13,6143
XLK,5,120,20,4,-0.11088546662020382,2.8814408202394783e-18,6143
XLK,5,252,2,3,-0.07736574412341132,1.7993046072887187e-09,6029
XLK,5,252,2,4,-0.07498652940426224,5.560944278181079e-09,6029
XLK,5,252,3,3,-0.09676398577893967,5.1173810553684506e-14,6028
XLK,5,252,3,4,-0.1028647508141635,1.184733357559499e-15,6028
XLK,5,252,5,3,-0.11348111819700969,9.924027996824494e-19,6026
XLK,5,252,5,4,-0.13440356853976498,1.0810762901860022e-25,6026
XLK,5,252,10,3,-0.12945274401636087,6.418541091539626e-24,6021
XLK,5,252,10,4,-0.14826204315989985,6.127824911253932e-31,6021
XLK,5,252,20,3,-0.1328264818587294,4.557366646090863e-25,6011
XLK,5,252,20,4,-0.15008662988138574,1.2712167176788062e-31,6011
XLK,10,60,2,3,-0.03419901370640432,0.007006148119249934,6216
XLK,10,60,2,4,-0.01774296032429716,0.1618992503660172,6216
XLK,10,60,3,3,-0.041620252733620154,0.0010310799495225785,6215
XLK,10,60,3,4,-0.024118613387805965,0.057263838826307346,6215
XLK,10,60,5,3,-0.05393687573522775,2.1028111771985967e-05,6213
XLK,10,60,5,4,-0.037078541469483445,0.003466280555557506,6213
XLK,10,60,10,3,-0.05822172089222637,4.42588674205101e-06,6208
XLK,10,60,10,4,-0.041718327009453486,0.0010097629476025986,6208
XLK,10,60,20,3,-0.07414266812882209,5.098506431130105e-09,6198
XLK,10,60,20,4,-0.05580987413031555,1.101090190167254e-05,6198
XLK,10,120,2,3,-0.06686831577587546,1.510191039794902e-07,6156
XLK,10,120,2,4,-0.050366288603778064,7.70308329950172e-05,6156
XLK,10,120,3,3,-0.08403408392184411,4.0254856171602924e-11,6155
XLK,10,120,3,4,-0.06261617380404866,8.819338344344498e-07,6155
XLK,10,120,5,3,-0.09954579608847525,5.02291905296243e-15,6153
XLK,10,120,5,4,-0.07867400189495118,6.426499688725491e-10,6153
XLK,10,120,10,3,-0.1087500790733801,1.2240751619872045e-17,6148
XLK,10,120,10,4,-0.08908091519936764,2.610250081237961e-12,6148
XLK,10,120,20,3,-0.11452026014270977,2.258629766515652e-19,6138
XLK,10,120,20,4,-0.0938552492429836,1.7334176119777117e-13,6138
XLK,10,252,2,3,-0.09322456083554076,4.1719679228928173e-13,6024
XLK,10,252,2,4,-0.07731183419202466,1.8752185131361823e-09,6024
XLK,10,252,3,3,-0.12440065684516269,3.3206619446034865e-22,6023
XLK,10,252,3,4,-0.1046676397171646,3.8326642936184403e-16,6023
XLK,10,252,5,3,-0.15355283814090323,4.3306689027846754e-33,6021
XLK,10,252,5,4,-0.13554066272592488,4.3812445915530216e-26,6021
XLK,10,252,10,3,-0.17836098662446614,3.4578785403591766e-44,6016
XLK,10,252,10,4,-0.16244312076975465,7.5124653857957114e-37,6016
XLK,10,252,20,3,-0.1966741571917684,1.9313577228459507e-53,6006
XLK,10,252,20,4,-0.1777890235434835,7.674127851481608e-44,6006
XLK,20,60,2,3,-0.05687542515039362,7.350835863049105e-06,6206
XLK,20,60,2,4,-0.06033842109552115,1.967569485893466e-06,6206
XLK,20,60,3,3,-0.07077073928401914,2.3966973665920743e-08,6205
XLK,20,60,3,4,-0.08679895398245684,7.443932069982694e-12,6205
XLK,20,60,5,3,-0.0824275233067198,7.94294615439953e-11,6203
XLK,20,60,5,4,-0.10321955356814615,3.6507350001896337e-16,6203
XLK,20,60,10,3,-0.07660671142303592,1.5535687023936688e-09,6198
XLK,20,60,10,4,-0.10134669241890538,1.2671464660552114e-15,6198
XLK,20,60,20,3,-0.06823520486238735,7.75140135904655e-08,6188
XLK,20,60,20,4,-0.07930774090155775,4.177881949497049e-10,6188
XLK,20,120,2,3,-0.09590227595707031,4.911978712528161e-14,6146
XLK,20,120,2,4,-0.08679859674885364,9.349141438581971e-12,6146
XLK,20,120,3,3,-0.12287378421091245,4.1733298604571537e-22,6145
XLK,20,120,3,4,-0.12093638984306569,1.8485873081178158e-21,6145
XLK,20,120,5,3,-0.1399365742580383,3.064725724166293e-28,6143
XLK,20,120,5,4,-0.14253813086451683,3.0103318201044566e-29,6143
XLK,20,120,10,3,-0.14508874637068112,3.1285958423231017e-30,6138
XLK,20,120,10,4,-0.14507363800784345,3.172201410874802e-30,6138
XLK,20,120,20,3,-0.1351567150582847,2.2338935527295845e-26,6128
XLK,20,120,20,4,-0.12386166830241835,2.210913943498004e-22,6128
XLK,20,252,2,3,-0.12071098608443487,5.800862247615087e-21,6014
XLK,20,252,2,4,-0.11498878560649234,3.712451417704461e-19,6014
XLK,20,252,3,3,-0.15936981100251654,1.6856691633893292e-35,6013
XLK,20,252,3,4,-0.16160936007939888,1.810035332807859e-36,6013
XLK,20,252,5,3,-0.18744023267141433,1.17225415100439e-48,6011
XLK,20,252,5,4,-0.19199465271931723,5.243106583715755e-51,6011
XLK,20,252,10,3,-0.20017248334819565,2.477887290144014e-55,6006
XLK,20,252,10,4,-0.19874134931598586,1.4870353262801223e-54,6006
XLK,20,252,20,3,-0.1989772524653593,1.356850629648389e-54,5996
XLK,20,252,20,4,-0.1831617281987352,2.1537674432884305e-46,5996
XLK,40,60,2,3,-0.06320539500339557,6.519857405498751e-07,6186
XLK,40,60,2,4,-0.05132387870042195,5.378794809386967e-05,6186
XLK,40,60,3,3,-0.07711552355396317,1.2589427050918327e-09,6185
XLK,40,60,3,4,-0.06462901803735158,3.6372282038408025e-07,6185
XLK,40,60,5,3,-0.09114711944711598,6.94130479424501e-13,6183
XLK,40,60,5,4,-0.07380421651475036,6.242488580538725e-09,6183
XLK,40,60,10,3,-0.09884254096519829,6.886373364384749e-15,6178
XLK,40,60,10,4,-0.07153449440981147,1.815693287655628e-08,6178
XLK,40,60,20,3,-0.10305906639871455,4.902775873287456e-16,6168
XLK,40,60,20,4,-0.06126342530580251,1.4722213062305463e-06,6168
XLK,40,120,2,3,-0.06788569908983719,1.0469438654066495e-07,6126
XLK,40,120,2,4,-0.050434325258527014,7.843243071273952e-05,6126
XLK,40,120,3,3,-0.08206779288122597,1.2563607247914535e-10,6125
XLK,40,120,3,4,-0.065550370984291,2.827393309031696e-07,6125
XLK,40,120,5,3,-0.09562713955020276,6.457864973874191e-14,6123
XLK,40,120,5,4,-0.07494180384809516,4.32583533145809e-09,6123
XLK,40,120,10,3,-0.09729260140221731,2.4113544939731996e-14,6118
XLK,40,120,10,4,-0.06883973179727447,7.054562851037425e-08,6118
XLK,40,120,20,3,-0.0892280200344423,2.8281428505245938e-12,6108
XLK,40,120,20,4,-0.043671067241230585,0.000640200072999862,6108
XLK,40,252,2,3,-0.09184456677137263,1.0463381618355002e-12,5994
XLK,40,252,2,4,-0.0857724394869857,2.9020582501206883e-11,5994
XLK,40,252,3,3,-0.11472940014524251,5.135830073107831e-19,5993
XLK,40,252,3,4,-0.11407278213735685,8.148566427362403e-19,5993
XLK,40,252,5,3,-0.1351720947687904,7.884912887548022e-26,5991
XLK,40,252,5,4,-0.12943809506495338,8.388014097665827e-24,5991
XLK,40,252,10,3,-0.1450285094485377,1.683896978923107e-29,5986
XLK,40,252,10,4,-0.13431401290605702,1.6816931290962701e-25,5986
XLK,40,252,20,3,-0.1401263232519241,1.3758005879518375e-27,5976
XLK,40,252,20,4,-0.12194963545760071,3.06113937541349e-21,5976
XLE,5,60,2,3,-0.034906623367898196,0.005896412024787296,6221
XLE,5,60,2,4,-0.05061958813307562,6.488755186488287e-05,6221
XLE,5,60,3,3,-0.04812764615570019,0.00014638730068536917,6220
XLE,5,60,3,4,-0.06532723943466079,2.5142725560548553e-07,6220
XLE,5,60,5,3,-0.056669987256994306,7.772123121762414e-06,6218
XLE,5,60,5,4,-0.07135295265125234,1.7757919288716818e-08,6218
XLE,5,60,10,3,-0.05567738009737547,1.1274843248467176e-05,6213
XLE,5,60,10,4,-0.06888049773734511,5.488815014824452e-08,6213
XLE,5,60,20,3,-0.05796564167404921,4.918263616072317e-06,6203
XLE,5,60,20,4,-0.07269142564433227,9.952133856885242e-09,6203
XLE,5,120,2,3,-0.06615649818972724,2.0209638815627235e-07,6161
XLE,5,120,2,4,-0.07487817241765152,3.994776232045857e-09,6161
XLE,5,120,3,3,-0.08635295416471805,1.1308783005193876e-11,6160
XLE,5,120,3,4,-0.09727699663715698,1.9872231533140527e-14,6160
XLE,5,120,5,3,-0.1008373820619393,2.163039081968656e-15,6158
XLE,5,120,5,4,-0.11091116381395033,2.5762234619588984e-18,6158
XLE,5,120,10,3,-0.10399307792087811,2.8895217811107517e-16,6153
XLE,5,120,10,4,-0.11593829609241922,7.290139677585754e-20,6153
XLE,5,120,20,3,-0.11020293486725666,4.633813802715829e-18,6143
XLE,5,120,20,4,-0.12151477732618034,1.2064033297050271e-21,6143
XLE,5,252,2,3,-0.09110660598400895,1.3665729998552468e-12,6029
XLE,5,252,2,4,-0.10919082517454436,1.8639559071168754e-17,6029
XLE,5,252,3,3,-0.12232585022351242,1.5540635348547121e-21,6028
XLE,5,252,3,4,-0.14529177311723981,8.472386680236789e-30,6028
XLE,5,252,5,3,-0.14669818732831327,2.4229344636110345e-30,6026
XLE,5,252,5,4,-0.16811403627946508,1.9126599849277686e-39,6026
XLE,5,252,10,3,-0.15420363203298362,2.3260478303670706e-33,6021
XLE,5,252,10,4,-0.1750699515309171,1.2044711084304233e-42,6021
XLE,5,252,20,3,-0.16015719489092362,7.92537681752972e-36,6011
XLE,5,252,20,4,-0.17940020582779284,1.1760542558921983e-44,6011
XLE,10,60,2,3,-0.06250380324445723,8.150372213877042e-07,6216
XLE,10,60,2,4,-0.04734744400195302,0.0001882436953728566,6216
XLE,10,60,3,3,-0.08464758727572914,2.3271112634429015e-11,6215
XLE,10,60,3,4,-0.06823498410359287,7.26391670214166e-08,6215
XLE,10,60,5,3,-0.09385118033826545,1.2396951746621503e-13,6213
XLE,10,60,5,4,-0.08141683571970298,1.302619857811264e-10,6213
XLE,10,60,10,3,-0.09788122080451318,1.0826041711877764e-14,6208
XLE,10,60,10,4,-0.09114636828998683,6.244480858105961e-13,6208
XLE,10,60,20,3,-0.10749980591913395,2.1374086236973026e-17,6198
XLE,10,60,20,4,-0.0889929275874951,2.2394894105125575e-12,6198
XLE,10,120,2,3,-0.09912950949972515,6.423233082959776e-15,6156
XLE,10,120,2,4,-0.0841034671242845,3.8654635815349155e-11,6156
XLE,10,120,3,3,-0.12868607487519518,3.823205438686131e-24,6155
XLE,10,120,3,4,-0.11163806748658964,1.5758999556714194e-18,6155
XLE,10,120,5,3,-0.14557588728176885,1.7017251700131688e-30,6153
XLE,10,120,5,4,-0.13398720656032348,4.786264133042981e-26,6153
XLE,10,120,10,3,-0.1566295255479052,4.5762945347250374e-35,6148
XLE,10,120,10,4,-0.1510057232958489,1.0992525925192033e-32,6148
XLE,10,120,20,3,-0.160427101304317,1.1451775431803933e-36,6138
XLE,10,120,20,4,-0.1439811277330889,8.59689523080798e-30,6138
XLE,10,252,2,3,-0.13325758755258918,2.843917400160044e-25,6024
XLE,10,252,2,4,-0.12244782768938489,1.4609835407539318e-21,6024
XLE,10,252,3,3,-0.17305283628071316,1.0446303649436406e-41,6023
XLE,10,252,3,4,-0.16159076969503466,1.614279558367207e-36,6023
XLE,10,252,5,3,-0.1949164510438405,1.2478936214401144e-52,6021
XLE,10,252,5,4,-0.19119922004375875,1.129861219750851e-50,6021
XLE,10,252,10,3,-0.21117646849424754,1.2862311998441998e-61,6016
XLE,10,252,10,4,-0.21048002081477135,3.2514854130553006e-61,6016
XLE,10,252,20,3,-0.21582446524808438,3.077530651075504e-64,6006
XLE,10,252,20,4,-0.20805197420627172,1.003252771372225e-59,6006
XLE,20,60,2,3,-0.04303012055260416,0.0006970884206790852,6206
XLE,20,60,2,4,-0.021778378706668034,0.08625017700697654,6206
XLE,20,60,3,3,-0.06308366965470097,6.586751796154114e-07,6205
XLE,20,60,3,4,-0.036112041990672736,0.004441614469103665,6205
XLE,20,60,5,3,-0.08518274920346147,1.819956914898903e-11,6203
XLE,20,60,5,4,-0.05592378290103845,1.0477854201916345e-05,6203
XLE,20,60,10,3,-0.08573206693594207,1.3746995755983592e-11,6198
XLE,20,60,10,4,-0.056891184215274095,7.40785050996223e-06,6198
XLE,20,60,20,3,-0.0716417636578646,1.6835200659139462e-08,6188
XLE,20,60,20,4,-0.04137270752881678,0.001132836721701161,6188
XLE,20,120,2,3,-0.05886873305789396,3.871485598030499e-06,6146
XLE,20,120,2,4,-0.045699752721398694,0.0003385782200660284,6146
XLE,20,120,3,3,-0.08082422687414555,2.2255789717955858e-10,6145
XLE,20,120,3,4,-0.06328112723067009,6.885074198779818e-07,6145
XLE,20,120,5,3,-0.10764224458111123,2.683434710872339e-17,6143
XLE,20,120,5,4,-0.083904607647631,4.503338635755136e-11,6143
XLE,20,120,10,3,-0.10947419454056236,7.90849830233131e-18,6138
XLE,20,120,10,4,-0.09115025410507542,8.388977904268021e-13,6138
XLE,20,120,20,3,-0.10102461977831555,2.24437489409861e-15,6128
XLE,20,120,20,4,-0.08487492540711396,2.8369510863151737e-11,6128
XLE,20,252,2,3,-0.0743251401778459,7.89438738434996e-09,6014
XLE,20,252,2,4,-0.04807949384558905,0.00019152082879078352,6014
XLE,20,252,3,3,-0.09722588970934318,4.170067998169854e-14,6013
XLE,20,252,3,4,-0.06510087664533859,4.3614976867679733e-07,6013
XLE,20,252,5,3,-0.12420575692165627,4.238117966904951e-22,6011
XLE,20,252,5,4,-0.0862237033880541,2.1411190502107714e-11,6011
XLE,20,252,10,3,-0.12761600333339443,3.1263250912049706e-23,6006
XLE,20,252,10,4,-0.09666424929768191,6.033647271568101e-14,6006
XLE,20,252,20,3,-0.1274741104612501,3.796720491377387e-23,5996
XLE,20,252,20,4,-0.09541066341118361,1.3277341258096245e-13,5996
XLE,40,60,2,3,-0.047713194232506174,0.00017398191760897283,6186
XLE,40,60,2,4,-0.05225364998025364,3.926083985959065e-05,6186
XLE,40,60,3,3,-0.06041912784788676,1.98414711573304e-06,6185
XLE,40,60,3,4,-0.0656132222844602,2.408769682535578e-07,6185
XLE,40,60,5,3,-0.07815510822632488,7.571104020081981e-10,6183
XLE,40,60,5,4,-0.07710796298424887,1.2713880417796514e-09,6183
XLE,40,60,10,3,-0.08844333359235558,3.309524181538679e-12,6178
XLE,40,60,10,4,-0.08339297621931338,5.209583216893528e-11,6178
XLE,40,60,20,3,-0.08997770044786119,1.4470174952477694e-12,6168
XLE,40,60,20,4,-0.08867054394835312,3.032335158288577e-12,6168
XLE,40,120,2,3,-0.0637308236036131,5.969839344776818e-07,6126
XLE,40,120,2,4,-0.05732219280697886,7.145317055999027e-06,6126
XLE,40,120,3,3,-0.07149126330155978,2.1299334689279303e-08,6125
XLE,40,120,3,4,-0.07046431789597965,3.381475949947288e-08,6125
XLE,40,120,5,3,-0.08698457802595315,9.228809204324773e-12,6123
XLE,40,120,5,4,-0.08447571135633933,3.575563767628778e-11,6123
XLE,40,120,10,3,-0.09779664662179846,1.7710841822694605e-14,6118
XLE,40,120,10,4,-0.09513420880215158,8.880410856381625e-14,6118
XLE,40,120,20,3,-0.0999420949985272,4.923434492317235e-15,6108
XLE,40,120,20,4,-0.09597447835851707,5.622730405242767e-14,6108
XLE,40,252,2,3,-0.07494402771851859,6.277337272933502e-09,5994
XLE,40,252,2,4,-0.061208246970333995,2.113497509917518e-06,5994
XLE,40,252,3,3,-0.0866526411783189,1.8246148427212156e-11,5993
XLE,40,252,3,4,-0.0750960973727466,5.8660758072322365e-09,5993
XLE,40,252,5,3,-0.10608520152423209,1.8306266664231283e-16,5991
XLE,40,252,5,4,-0.08840893929432887,7.1319102616562695e-12,5991
XLE,40,252,10,3,-0.11659862136787677,1.4277693213782603e-19,5986
XLE,40,252,10,4,-0.09870435616126685,1.9515304975207425e-14,5986
XLE,40,252,20,3,-0.1178580288033183,6.191522910558395e-20,5976
XLE,40,252,20,4,-0.10268493450733994,1.7569526706947204e-15,5976
XLF,5,60,2,3,-0.05062797173436544,6.47064070455098e-05,6221
XLF,5,60,2,4,-0.05685020086463853,7.233771061707099e-06,6221
XLF,5,60,3,3,-0.05888835787440526,3.3606906428413595e-06,6220
XLF,5,60,3,4,-0.06309957302580317,6.344128912792348e-07,6220
XLF,5,60,5,3,-0.05793312427648901,4.849469965239952e-06,6218
XLF,5,60,5,4,-0.07306729434069661,8.011189702114926e-09,6218
XLF,5,60,10,3,-0.06116525034373367,1.4017851020668784e-06,6213
XLF,5,60,10,4,-0.08408080431169955,3.18207122310146e-11,6213
XLF,5,60,20,3,-0.05427798747243698,1.8927715987677624e-05,6203
XLF,5,60,20,4,-0.0706271935050311,2.571344205565686e-08,6203
XLF,5,120,2,3,-0.07038935786006048,3.188757124140295e-08,6161
XLF,5,120,2,4,-0.0704048558308496,3.166638361836473e-08,6161
XLF,5,120,3,3,-0.08403093459164884,3.959890700477113e-11,6160
XLF,5,120,3,4,-0.08177395954312848,1.2967890656982755e-10,6160
XLF,5,120,5,3,-0.08870793172558962,3.0913309985783755e-12,6158
XLF,5,120,5,4,-0.09730650738153765,1.9704580328762755e-14,6158
XLF,5,120,10,3,-0.09640405865435135,3.50501391332633e-14,6153
XLF,5,120,10,4,-0.11151740790326999,1.7374798483871636e-18,6153
XLF,5,120,20,3,-0.08430136224742427,3.647066676155522e-11,6143
XLF,5,120,20,4,-0.09519967300238902,7.606137582356217e-14,6143
XLF,5,252,2,3,-0.09932015390798041,1.0805995021261657e-14,6029
XLF,5,252,2,4,-0.09345883694826544,3.563659013032355e-13,6029
XLF,5,252,3,3,-0.12019558382010319,7.674625392019683e-21,6028
XLF,5,252,3,4,-0.11269889110338074,1.6921105908140115e-18,6028
XLF,5,252,5,3,-0.126868675797723,4.7685697149773295e-23,6026
XLF,5,252,5,4,-0.1295298108507573,5.7823365325816975e-24,6026
XLF,5,252,10,3,-0.13434721649779574,1.18621396714038e-25,6021
XLF,5,252,10,4,-0.14280886168764767,8.371623246587913e-29,6021
XLF,5,252,20,3,-0.1268474204382847,5.48271436082763e-23,6011
XLF,5,252,20,4,-0.13514980299413457,6.669281166190634e-26,6011
XLF,10,60,2,3,-0.07953646237091659,3.397259429792224e-10,6216
XLF,10,60,2,4,-0.0744117648318625,4.261541487421472e-09,6216
XLF,10,60,3,3,-0.0833294729917537,4.722705634912071e-11,6215
XLF,10,60,3,4,-0.08734548062781222,5.284926683933326e-12,6215
XLF,10,60,5,3,-0.08952298983259711,1.5581712054418925e-12,6213
XLF,10,60,5,4,-0.08152001788156783,1.2344271766587915e-10,6213
XLF,10,60,10,3,-0.08989001165683388,1.2892880493362943e-12,6208
XLF,10,60,10,4,-0.06284086832981556,7.226081415969191e-07,6208
XLF,10,60,20,3,-0.0713158764909144,1.9036515582526876e-08,6198
XLF,10,60,20,4,-0.055196632553831,1.3743199945096933e-05,6198
XLF,10,120,2,3,-0.09934124717908296,5.625220041482829e-15,6156
XLF,10,120,2,4,-0.10008743024293151,3.516674418553426e-15,6156
XLF,10,120,3,3,-0.11476150384493933,1.693338081345549e-19,6155
XLF,10,120,3,4,-0.12319960816903272,3.0005723945694616e-22,6155
XLF,10,120,5,3,-0.13082778733262454,6.7239803751761955e-25,6153
XLF,10,120,5,4,-0.12912289705484087,2.724860119604537e-24,6153
XLF,10,120,10,3,-0.1316953938619501,3.423114876361259e-25,6148
XLF,10,120,10,4,-0.1148074356510421,1.7167500321035265e-19,6148
XLF,10,120,20,3,-0.11439024812868678,2.480317795565218e-19,6138
XLF,10,120,20,4,-0.11043623836113654,4.0649017647369595e-18,6138
XLF,10,252,2,3,-0.11936281352347027,1.4637381655579885e-20,6024
XLF,10,252,2,4,-0.11404909958177255,6.746258010155757e-19,6024
XLF,10,252,3,3,-0.14589132375044786,5.2046507398917555e-30,6023
XLF,10,252,3,4,-0.14873844427770028,3.864076971389991e-31,6023
XLF,10,252,5,3,-0.16937199568117814,5.477682429463653e-40,6021
XLF,10,252,5,4,-0.16508577279156625,4.755458128189871e-38,6021
XLF,10,252,10,3,-0.17736712322114404,1.0423128295126796e-43,6016
XLF,10,252,10,4,-0.15851073484319114,3.785229153118771e-35,6016
XLF,10,252,20,3,-0.1729519041086888,1.5100666718697683e-41,6006
XLF,10,252,20,4,-0.1616465537814538,1.9141231492586983e-36,6006
XLF,20,60,2,3,-0.06817742541610608,7.613061323336594e-08,6206
XLF,20,60,2,4,-0.07414203486077524,4.985767772655305e-09,6206
XLF,20,60,3,3,-0.08608362747172905,1.1042958991324388e-11,6205
XLF,20,60,3,4,-0.1008912170755969,1.6373856593768819e-15,6205
XLF,20,60,5,3,-0.08582383159723819,1.2830055622060937e-11,6203
XLF,20,60,5,4,-0.11086997444381864,2.000335243048475e-18,6203
XLF,20,60,10,3,-0.07967615743852254,3.3549986697906503e-10,6198
XLF,20,60,10,4,-0.11145818462837029,1.3624102974655515e-18,6198
XLF,20,60,20,3,-0.07792445779088912,8.360197166135489e-10,6188
XLF,20,60,20,4,-0.09466645123813093,8.516406879613144e-14,6188
XLF,20,120,2,3,-0.1023613851038023,8.676000655262561e-16,6146
XLF,20,120,2,4,-0.09802754355101022,1.3395138552886028e-14,6146
XLF,20,120,3,3,-0.13006894820161444,1.345976534433049e-24,6145
XLF,20,120,3,4,-0.12815697128828543,6.384220048176222e-24,6145
XLF,20,120,5,3,-0.14142965653790776,8.134593298064461e-29,6143
XLF,20,120,5,4,-0.14231665240524766,3.674098096674162e-29,6143
XLF,20,120,10,3,-0.13628782544330842,7.733010796499539e-27,6138
XLF,20,120,10,4,-0.13642953181967135,6.84600263748333e-27,6138
XLF,20,120,20,3,-0.12644245480616956,2.9027219582549643e-23,6128
XLF,20,120,20,4,-0.11067862954776303,3.655402590487029e-18,6128
XLF,20,252,2,3,-0.12590033215368435,1.1196570280876974e-22,6014
XLF,20,252,2,4,-0.1279905972496501,2.1772262169952325e-23,6014
XLF,20,252,3,3,-0.16674542778642207,9.593786516921906e-39,6013
XLF,20,252,3,4,-0.1723215827409577,2.6726963143246085e-41,6013
XLF,20,252,5,3,-0.18496733324862882,2.087167663805918e-47,6011
XLF,20,252,5,4,-0.19178923464851286,6.711978353954833e-51,6011
XLF,20,252,10,3,-0.18427766034892243,5.045069795076561e-47,6006
XLF,20,252,10,4,-0.19099777607238763,1.903283035448782e-50,6006
XLF,20,252,20,3,-0.17579961944638067,8.036797760218797e-43,5996
XLF,20,252,20,4,-0.17163993605433056,7.161586877154536e-41,5996
XLF,40,60,2,3,-0.06071350715112079,1.7649424456722923e-06,6186
XLF,40,60,2,4,-0.028584501836597283,0.024562907920231858,6186
XLF,40,60,3,3,-0.07921677177518963,4.4169930048290573e-10,6185
XLF,40,60,3,4,-0.0427523081826725,0.0007707146704939945,6185
XLF,40,60,5,3,-0.08722106414254092,6.416584250697449e-12,6183
XLF,40,60,5,4,-0.04524435454304148,0.00037261038684566525,6183
XLF,40,60,10,3,-0.08428468849650882,3.239174471350046e-11,6178
XLF,40,60,10,4,-0.04045841597615468,0.0014691940376111968,6178
XLF,40,60,20,3,-0.05950921577479809,2.913150577954607e-06,6168
XLF,40,60,20,4,-0.013139102651089968,0.3021957876531946,6168
XLF,40,120,2,3,-0.060015676394160895,2.593578562658679e-06,6126
XLF,40,120,2,4,-0.02829687535512196,0.026777018808718408,6126
XLF,40,120,3,3,-0.08176897240388042,1.4660983375913069e-10,6125
XLF,40,120,3,4,-0.03789198048915388,0.003017236598039522,6125
XLF,40,120,5,3,-0.09644369962233301,3.945614304409133e-14,6123
XLF,40,120,5,4,-0.04257544911304385,0.0008611815932432883,6123
XLF,40,120,10,3,-0.09438092168902307,1.3902164625064862e-13,6118
XLF,40,120,10,4,-0.03406544035278298,0.007704616616574845,6118
XLF,40,120,20,3,-0.07458896721997096,5.335955694991655e-09,6108
XLF,40,120,20,4,-0.011182184137670734,0.38223946022656363,6108
XLF,40,252,2,3,-0.09174717387379114,1.105551711067204e-12,5994
XLF,40,252,2,4,-0.05782171110151532,7.484451200788675e-06,5994
XLF,40,252,3,3,-0.12775771109559528,3.1154178352486496e-23,5993
XLF,40,252,3,4,-0.08272917876397948,1.4166060484273346e-10,5993
XLF,40,252,5,3,-0.15262241494922427,1.4963547269527098e-32,5991
XLF,40,252,5,4,-0.09708311725878664,5.05040901899316e-14,5991
XLF,40,252,10,3,-0.15509181483789536,1.522667321827631e-33,5986
XLF,40,252,10,4,-0.09996442993140213,9.047035730264403e-15,5986
XLF,40,252,20,3,-0.14197083598476554,2.781454243853767e-28,5976
XLF,40,252,20,4,-0.09999774355967637,9.328198255478223e-15,5976
XLV,5,60,2,3,-0.02138638624340586,0.09166699190519526,6221
XLV,5,60,2,4,-0.042822072271940376,0.0007291166416009648,6221
XLV,5,60,3,3,-0.030176376714836212,0.017313425704683343,6220
XLV,5,60,3,4,-0.05208402554955927,3.962190749948982e-05,6220
XLV,5,60,5,3,-0.03564198781274735,0.0049410532467399106,6218
XLV,5,60,5,4,-0.06180339393993831,1.0763185752342475e-06,6218
XLV,5,60,10,3,-0.027746124622315172,0.028742359898724812,6213
XLV,5,60,10,4,-0.05775062446021273,5.240073025673637e-06,6213
XLV,5,60,20,3,-0.016620814482125712,0.19057926575114859,6203
XLV,5,60,20,4,-0.05639341868668224,8.82449755916406e-06,6203
XLV,5,120,2,3,-0.03804714629351287,0.0028184632781413058,6161
XLV,5,120,2,4,-0.054200251402924365,2.0760213173912477e-05,6161
XLV,5,120,3,3,-0.048822784512107746,0.00012638563775951896,6160
XLV,5,120,3,4,-0.06700405445753604,1.4117981168855298e-07,6160
XLV,5,120,5,3,-0.059634162013374965,2.8286539794443473e-06,6158
XLV,5,120,5,4,-0.08351796039554212,5.236979057191108e-11,6158
XLV,5,120,10,3,-0.055532106576158986,1.309715324933723e-05,6153
XLV,5,120,10,4,-0.08463747985639765,2.9381347832876315e-11,6153
XLV,5,120,20,3,-0.046282379555098875,0.00028485879672908334,6143
XLV,5,120,20,4,-0.08630134506966614,1.2412047334472143e-11,6143
XLV,5,252,2,3,-0.06431694318473023,5.788776593623371e-07,6029
XLV,5,252,2,4,-0.07693544939973818,2.2121881462189643e-09,6029
XLV,5,252,3,3,-0.09046250483655077,1.9712800330806568e-12,6028
XLV,5,252,3,4,-0.10619479099664625,1.3776599026099323e-16,6028
XLV,5,252,5,3,-0.11023779088950962,9.335587290963063e-18,6026
XLV,5,252,5,4,-0.13340835940467757,2.4662534464613803e-25,6026
XLV,5,252,10,3,-0.1150363480791842,3.423852361556788e-19,6021
XLV,5,252,10,4,-0.140208391840019,8.170544848181192e-28,6021
XLV,5,252,20,3,-0.10635492504293063,1.3678857141426849e-16,6011
XLV,5,252,20,4,-0.14364728003956806,4.420381109758163e-29,6011
XLV,10,60,2,3,-0.0327520185673002,0.00981170930277827,6216
XLV,10,60,2,4,-0.02806340217105986,0.02692836366735107,6216
XLV,10,60,3,3,-0.049777380268215383,8.642127534825989e-05,6215
XLV,10,60,3,4,-0.04217798261965361,0.0008812600090110984,6215
XLV,10,60,5,3,-0.06231766000796808,8.840760305905517e-07,6213
XLV,10,60,5,4,-0.053796931858348156,2.209131779824192e-05,6213
XLV,10,60,10,3,-0.06265006335183215,7.807785118536768e-07,6208
XLV,10,60,10,4,-0.06368408936774031,5.118635413334798e-07,6208
XLV,10,60,20,3,-0.0653992997650209,2.5608679466266927e-07,6198
XLV,10,60,20,4,-0.06692495471773982,1.3371758199891397e-07,6198
XLV,10,120,2,3,-0.04919980564910152,0.00011256371951753222,6156
XLV,10,120,2,4,-0.05505164199293492,1.547880592468651e-05,6156
XLV,10,120,3,3,-0.07329442572754019,8.572202752096784e-09,6155
XLV,10,120,3,4,-0.07681306877450857,1.5998002768745605e-09,6155
XLV,10,120,5,3,-0.09710827720186763,2.2797712017037234e-14,6153
XLV,10,120,5,4,-0.09932875262676534,5.75578449762645e-15,6153
XLV,10,120,10,3,-0.10727498494902062,3.3410304042692674e-17,6148
XLV,10,120,10,4,-0.12031802593564657,2.8930417532416153e-21,6148
XLV,10,120,20,3,-0.109943923244562,5.718481755325193e-18,6138
XLV,10,120,20,4,-0.12940185422270256,2.4659605702467067e-24,6138
XLV,10,252,2,3,-0.08583626261728437,2.5050948195449752e-11,6024
XLV,10,252,2,4,-0.086308058240722,1.947794736285262e-11,6024
XLV,10,252,3,3,-0.12449509112641055,3.088075275653943e-22,6023
XLV,10,252,3,4,-0.12164640143609025,2.6939323776556115e-21,6023
XLV,10,252,5,3,-0.16151297385480562,1.7925898348512866e-36,6021
XLV,10,252,5,4,-0.15722346209167637,1.2547996984414924e-34,6021
XLV,10,252,10,3,-0.1807275616181524,2.4343742668966065e-45,6016
XLV,10,252,10,4,-0.18844704578298443,3.2763037986424904e-49,6016
XLV,10,252,20,3,-0.19380305605447493,6.4827118012774675e-52,6006
XLV,10,252,20,4,-0.20485177492754525,6.42002594254897e-58,6006
XLV,20,60,2,3,-0.056199863668628135,9.426291964532264e-06,6206
XLV,20,60,2,4,-0.0688885200334542,5.5640945188695264e-08,6206
XLV,20,60,3,3,-0.08301150831025422,5.794094425966963e-11,6205
XLV,20,60,3,4,-0.09127965521851421,5.853206736704533e-13,6205
XLV,20,60,5,3,-0.0957898523167987,4.024685124784931e-14,6203
XLV,20,60,5,4,-0.10056454095291699,2.0396409860188994e-15,6203
XLV,20,60,10,3,-0.10677507337364733,3.500344856146849e-17,6198
XLV,20,60,10,4,-0.09080504761777393,7.939170502964242e-13,6198
XLV,20,60,20,3,-0.10862898415336718,1.0455684693397013e-17,6188
XLV,20,60,20,4,-0.05063474719123916,6.751560312234412e-05,6188
XLV,20,120,2,3,-0.06760216033568808,1.1282202841607357e-07,6146
XLV,20,120,2,4,-0.06674239960656311,1.6308272630937753e-07,6146
XLV,20,120,3,3,-0.0927976383328248,3.130462900455648e-13,6145
XLV,20,120,3,4,-0.0794594778144715,4.448205808028872e-10,6145
XLV,20,120,5,3,-0.11204974044119267,1.2726533475125882e-18,6143
XLV,20,120,5,4,-0.0850872384004833,2.39487493904144e-11,6143
XLV,20,120,10,3,-0.12654758265257493,2.4608957176076205e-23,6138
XLV,20,120,10,4,-0.06965674992383938,4.686570057444238e-08,6138
XLV,20,120,20,3,-0.12524256587609037,7.499896550253409e-23,6128
XLV,20,120,20,4,-0.038451934805351626,0.002607526374022519,6128
XLV,20,252,2,3,-0.10790411770130452,4.831290293346068e-17,6014
XLV,20,252,2,4,-0.10153535734924621,2.954027919270642e-15,6014
XLV,20,252,3,3,-0.1431117901671139,6.959373180942567e-29,6013
XLV,20,252,3,4,-0.12686061198497606,5.338211964084794e-23,6013
XLV,20,252,5,3,-0.16796781351246554,2.766403957820378e-39,6011
XLV,20,252,5,4,-0.1372460961384042,1.1437611147555526e-26,6011
XLV,20,252,10,3,-0.18471472962885424,3.0491299404276075e-47,6006
XLV,20,252,10,4,-0.1286302079442015,1.4033979557355983e-23,6006
XLV,20,252,20,3,-0.18704634798491568,2.431791781250348e-48,5996
XLV,20,252,20,4,-0.10622163029517458,1.627282502728674e-16,5996
XLV,40,60,2,3,-0.03821712129563047,0.0026443884434245403,6186
XLV,40,60,2,4,-0.04311116251095798,0.0006947740198429614,6186
XLV,40,60,3,3,-0.03353864052855921,0.008343406237077324,6185
XLV,40,60,3,4,-0.04860294461205671,0.00013138137006633488,6185
XLV,40,60,5,3,-0.03754853945808391,0.003147395557245466,6183
XLV,40,60,5,4,-0.05035057983729031,7.467363868742658e-05,6183
XLV,40,60,10,3,-0.02678332473981076,0.03528018765559161,6178
XLV,40,60,10,4,-0.0407775441820502,0.0013468283061863558,6178
XLV,40,60,20,3,-0.009040085810867245,0.47779818160305415,6168
XLV,40,60,20,4,-0.018608533172957357,0.1439381962327368,6168
XLV,40,120,2,3,-0.03564221785851171,0.005270973338489798,6126
XLV,40,120,2,4,-0.03489309784634886,0.006308231384528729,6126
XLV,40,120,3,3,-0.030071856104125282,0.018595262355951638,6125
XLV,40,120,3,4,-0.04106387943211298,0.0013069160271703987,6125
XLV,40,120,5,3,-0.029005606780187543,0.023226321868294684,6123
XLV,40,120,5,4,-0.04471449057952154,0.00046538533810438023,6123
XLV,40,120,10,3,-0.01021083901396687,0.42456565855492273,6118
XLV,40,120,10,4,-0.041889284691038454,0.0010482346805259918,6118
XLV,40,120,20,3,0.007562200449139489,0.5545864936452954,6108
XLV,40,120,20,4,-0.02300548329536894,0.07220340510010805,6108
XLV,40,252,2,3,-0.07044367357977027,4.775852161916125e-08,5994
XLV,40,252,2,4,-0.05347461674911383,3.440582295900481e-05,5994
XLV,40,252,3,3,-0.07729897158208834,2.075607159286505e-09,5993
XLV,40,252,3,4,-0.06420071827624302,6.553131865010934e-07,5993
XLV,40,252,5,3,-0.08892361053865203,5.3845344324399456e-12,5991
XLV,40,252,5,4,-0.07360819095128258,1.1707079826984993e-08,5991
XLV,40,252,10,3,-0.08294842471810854,1.298092510991751e-10,5986
XLV,40,252,10,4,-0.07571982035391542,4.475556497431459e-09,5986
XLV,40,252,20,3,-0.07682327652497754,2.7420670973401206e-09,5976
XLV,40,252,20,4,-0.06322712358169097,1.0000984897478855e-06,5976
XLY,5,60,2,3,-0.06210373492842124,9.482949065485046e-07,6221
XLY,5,60,2,4,-0.058567946381302104,3.7916490823154726e-06,6221
XLY,5,60,3,3,-0.08100589225249735,1.5750590313561492e-10,6220
XLY,5,60,3,4,-0.08228805107309176,8.057132394011198e-11,6220
XLY,5,60,5,3,-0.09458333490549792,7.805293827661531e-14,6218
XLY,5,60,5,4,-0.09955892098290717,3.5855841855938105e-15,6218
XLY,5,60,10,3,-0.10762866424938014,1.7913651244048608e-17,6213
XLY,5,60,10,4,-0.1129002684270235,4.422870657483641e-19,6213
XLY,5,60,20,3,-0.10768461466935597,1.8289190308776298e-17,6203
XLY,5,60,20,4,-0.10942022380843185,5.520691820769395e-18,6203
XLY,5,120,2,3,-0.0940945833158024,1.3556997460283828e-13,6161
XLY,5,120,2,4,-0.08987695774178156,1.5774897905042687e-12,6161
XLY,5,120,3,3,-0.12052771573000741,2.25775159095228e-21,6160
XLY,5,120,3,4,-0.11886618972051614,7.928435089264264e-21,6160
XLY,5,120,5,3,-0.1425700421958007,2.5045169396855648e-29,6158
XLY,5,120,5,4,-0.14206883709899884,3.934391940484395e-29,6158
XLY,5,120,10,3,-0.15526775722022076,1.6540864796297527e-34,6153
XLY,5,120,10,4,-0.15694108534251525,3.153123293110363e-35,6153
XLY,5,120,20,3,-0.14788874962110066,2.2181076876197157e-31,6143
XLY,5,120,20,4,-0.14679269043612114,6.157859728474942e-31,6143
XLY,5,252,2,3,-0.12215859303092057,1.75012931568818e-21,6029
XLY,5,252,2,4,-0.1187813314666158,2.165797744781087e-20,6029
XLY,5,252,3,3,-0.158374948133518,3.7108931390153327e-35,6028
XLY,5,252,3,4,-0.15947993465951882,1.2445130609865631e-35,6028
XLY,5,252,5,3,-0.1870897010520891,1.3513494678175022e-48,6026
XLY,5,252,5,4,-0.1902014570953525,3.3981442851813262e-50,6026
XLY,5,252,10,3,-0.2032995054425495,3.4252715113066534e-57,6021
XLY,5,252,10,4,-0.21052868516456874,2.720101318104724e-61,6021
XLY,5,252,20,3,-0.1939852726316776,4.718500344289067e-52,6011
XLY,5,252,20,4,-0.1999817301706613,2.842270305455308e-55,6011
XLY,10,60,2,3,-0.06165071367210264,1.148675470204789e-06,6216
XLY,10,60,2,4,-0.0570636078652038,6.7396116407934485e-06,6216
XLY,10,60,3,3,-0.09291550370046452,2.145107218626243e-13,6215
XLY,10,60,3,4,-0.0869690865822091,6.51685376358001e-12,6215
XLY,10,60,5,3,-0.11675278489957681,2.6440339485402952e-20,6213
XLY,10,60,5,4,-0.10816585138697808,1.2384889963574626e-17,6213
XLY,10,60,10,3,-0.12349657947537124,1.5778983011837962e-22,6208
XLY,10,60,10,4,-0.11118963813175281,1.5467852333069013e-18,6208
XLY,10,60,20,3,-0.12551525243360495,3.450836281449479e-23,6198
XLY,10,60,20,4,-0.10025978088660371,2.542278550069302e-15,6198
XLY,10,120,2,3,-0.099659864678572,4.604833732097416e-15,6156
XLY,10,120,2,4,-0.10496288769550387,1.4994390138383002e-16,6156
XLY,10,120,3,3,-0.1369464908011379,3.727814311948751e-27,6155
XLY,10,120,3,4,-0.1382678534750868,1.180560729176643e-27,6155
XLY,10,120,5,3,-0.16724134503261665,7.77974120787212e-40,6153
XLY,10,120,5,4,-0.1647741019910676,1.0531452340935261e-38,6153
XLY,10,120,10,3,-0.17605041661943296,5.512948041105619e-44,6148
XLY,10,120,10,4,-0.16651974474332157,1.796509030141142e-39,6148
XLY,10,120,20,3,-0.16527532638375944,7.669649571176442e-39,6138
XLY,10,120,20,4,-0.1439233655819907,9.06025008972781e-30,6138
XLY,10,252,2,3,-0.12808568393478023,1.8577830481245967e-23,6024
XLY,10,252,2,4,-0.13936041151740194,1.651908819160929e-27,6024
XLY,10,252,3,3,-0.17750100793316279,8.029691140396386e-44,6023
XLY,10,252,3,4,-0.18278216022961236,2.093881111908105e-46,6023
XLY,10,252,5,3,-0.21954486923047561,1.2664220080174241e-66,6021
XLY,10,252,5,4,-0.21862355718301862,4.556387262900497e-66,6021
XLY,10,252,10,3,-0.23292296653638747,6.296087878481059e-75,6016
XLY,10,252,10,4,-0.22570833431901485,2.364130601223077e-70,6016
XLY,10,252,20,3,-0.2209422029416836,2.6176256192149924e-67,6006
XLY,10,252,20,4,-0.2058907854751349,1.6767135827463675e-58,6006
XLY,20,60,2,3,-0.0458219383506384,0.00030509170914913797,6206
XLY,20,60,2,4,-0.04029717400210282,0.0014973956455871225,6206
XLY,20,60,3,3,-0.058497062445694005,4.008514471639029e-06,6205
XLY,20,60,3,4,-0.053901673345550884,2.155277507246711e-05,6205
XLY,20,60,5,3,-0.06095926471646538,1.5506175164668497e-06,6203
XLY,20,60,5,4,-0.05396649668037879,2.1130609473096926e-05,6203
XLY,20,60,10,3,-0.04776374110217532,0.00016876066467705865,6198
XLY,20,60,10,4,-0.05289758335670725,3.092235404504999e-05,6198
XLY,20,60,20,3,-0.03493443213683128,0.005989414994110143,6188
XLY,20,60,20,4,-0.052540573944022576,3.548549714420926e-05,6188
XLY,20,120,2,3,-0.08127508199022387,1.7600633730423304e-10,6146
XLY,20,120,2,4,-0.06683997756798907,1.5643893985219236e-07,6146
XLY,20,120,3,3,-0.09880563681595787,8.307204537080426e-15,6145
XLY,20,120,3,4,-0.08610935144917886,1.3675520634686997e-11,6145
XLY,20,120,5,3,-0.10767154846609896,2.6306526327017285e-17,6143
XLY,20,120,5,4,-0.0943191674775924,1.2870807515979423e-13,6143
XLY,20,120,10,3,-0.09918768031026559,6.779514972471021e-15,6138
XLY,20,120,10,4,-0.09125337787930254,7.906102291185748e-13,6138
XLY,20,120,20,3,-0.08375555656119378,5.1436717900860805e-11,6128
XLY,20,120,20,4,-0.08572657746231291,1.79473207099491e-11,6128
XLY,20,252,2,3,-0.11557054182893521,2.455037222730622e-19,6014
XLY,20,252,2,4,-0.1004123356644153,5.945968162772231e-15,6014
XLY,20,252,3,3,-0.14798512226326277,8.639443759240785e-31,6013
XLY,20,252,3,4,-0.1325214057938494,5.7471124092953815e-25,6013
XLY,20,252,5,3,-0.16891305032542703,1.027710655255476e-39,6011
XLY,20,252,5,4,-0.14983827120460078,1.600886982484814e-31,6011
XLY,20,252,10,3,-0.1641707956285655,1.4922019295617495e-37,6006
XLY,20,252,10,4,-0.15173101248913692,2.8995642595642526e-32,6006
XLY,20,252,20,3,-0.15511579789028668,1.316403411244343e-33,5996
XLY,20,252,20,4,-0.14560080010809562,9.056472210756117e-30,5996
XLY,40,60,2,3,-0.04358350883792441,0.0006061921699447692,6186
XLY,40,60,2,4,-0.03970551582779605,0.0017872347592427825,6186
XLY,40,60,3,3,-0.0551563510075967,1.4236230964051121e-05,6185
XLY,40,60,3,4,-0.058346796045059116,4.3974532219083576e-06,6185
XLY,40,60,5,3,-0.07161866805531515,1.7241193680037335e-08,6183
XLY,40,60,5,4,-0.07060842542008207,2.7303895742388747e-08,6183
XLY,40,60,10,3,-0.08389783782424,3.983136928412535e-11,6178
XLY,40,60,10,4,-0.07629456254359133,1.9214591529043695e-09,6178
XLY,40,60,20,3,-0.0947905444205386,8.664000129103997e-14,6168
XLY,40,60,20,4,-0.05904663539884996,3.4768169774593074e-06,6168
XLY,40,120,2,3,-0.061641032363311074,1.377902835358044e-06,6126
XLY,40,120,2,4,-0.04801354783181372,0.00017034690309115542,6126
XLY,40,120,3,3,-0.07874465776637288,6.782929310995476e-10,6125
XLY,40,120,3,4,-0.068332409151648,8.649695788390919e-08,6125
XLY,40,120,5,3,-0.10197464734588903,1.2573529006153498e-15,6123
XLY,40,120,5,4,-0.08484960595813815,2.9292008787060516e-11,6123
XLY,40,120,10,3,-0.11518086201599435,1.6040398521905917e-19,6118
XLY,40,120,10,4,-0.0882172478903841,4.77145674548345e-12,6118
XLY,40,120,20,3,-0.1214938590535131,1.594709253142205e-21,6108
XLY,40,120,20,4,-0.07346254619180274,9.03256653934839e-09,6108
XLY,40,252,2,3,-0.07082978046895329,4.031672436122506e-08,5994
XLY,40,252,2,4,-0.06879353333165565,9.753109491901542e-08,5994
XLY,40,252,3,3,-0.09347332979130775,4.1506110327521394e-13,5993
XLY,40,252,3,4,-0.09729725834158627,4.40099285624522e-14,5993
XLY,40,252,5,3,-0.11776465837660492,5.957360995064161e-20,5991
XLY,40,252,5,4,-0.11824707290020957,4.199129147665744e-20,5991
XLY,40,252,10,3,-0.12463594103484267,3.7128257270680366e-22,5986
XLY,40,252,10,4,-0.1180239100286407,5.1157605660840954e-20,5986
XLY,40,252,20,3,-0.12459823318727047,4.1358962540946785e-22,5976
XLY,40,252,20,4,-0.10198157324619377,2.73134118391378e-15,5976
